Product Name,Start Date,End Date
machscape.in (DOMAIN REGISTRATION),31st Jan, 2025,31st Jan, 2026
tarachandhospital.in (GOOGLE WORKSPACE),26th Oct, 2024,26th Oct, 2025
somethingmore.in (DOMAIN REGISTRATION),16th Aug, 2024,16th Aug, 2026
ubiqueinfra.com (DOMAIN REGISTRATION),21st Jun, 2024,21st Jun, 2026
ksrshelters.com (ENTERPRISE EMAIL),1st Apr, 2024,1st Apr, 2026
bnspmk.org (DOMAIN REGISTRATION),6th Jan, 2024,6th Jan, 2029
ksrshelters.com (DOMAIN REGISTRATION),2nd Jan, 2024,2nd Jan, 2029
tarachandhospital.in (DOMAIN REGISTRATION),5th Jun, 2023,5th Jun, 2026
kamalacorp.com (GOOGLE WORKSPACE),14th Mar, 2023,14th Mar, 2026
tharwaniconstructions.com (DOMAIN REGISTRATION),1st Mar, 2023,1st Mar, 2026
cksaraf.com (DOMAIN REGISTRATION),12th Dec, 2022,12th Dec, 2025
kdsonigarajewellers.com (DOMAIN REGISTRATION),29th Oct, 2022,29th Oct, 2025
oormijswinfra.in (DOMAIN REGISTRATION),15th Jul, 2022,15th Jul, 2026
botree.in (DOMAIN REGISTRATION),4th Jun, 2012,4th Jun, 2027
botree.in (SSL CERTIFICATE),26th Jan, 2022,26th Jan, 2026
indiocorpdesigns.com (DOMAIN REGISTRATION),23rd Sep, 2021,23rd Sep, 2025
donateplasma.info (DOMAIN REGISTRATION),21st Apr, 2021,21st Apr, 2026
acufire.com (SSL CERTIFICATE),13th Oct, 2020,13th Oct, 2021
indiocorp.com (DOMAIN REGISTRATION),17th Sep, 2020,17th Sep, 2025
advertisingagencyinmumbai.com (DOMAIN REGISTRATION),10th Sep, 2020,10th Sep, 2025
advertisingagencyinpune.com (DOMAIN REGISTRATION),10th Sep, 2020,10th Sep, 2025
kamalacorp.com (DOMAIN REGISTRATION),2nd Mar, 2020,2nd Mar, 2026
quinteze.com (DOMAIN REGISTRATION),24th Mar, 2017,24th Mar, 2026
eturn.in (DOMAIN REGISTRATION),12th Jul, 2016,12th Jul, 2026
botree.in (MULTI DOMAIN WINDOWS HOSTING),23rd Mar, 2016,23rd Sep, 2025
